id,Tg,FFV,Tc,Density,Rg
1109053969,0.07787605,0.37779212,0.2194663,1.2162056,1.4053148
1422188626,-0.00592147,0.38206053,0.24433771,1.1820759,1.3969885
2032016830,0.05623685,0.37708962,0.29167566,1.1156049,1.303566
