id,Tg,FFV,Tc,Density,Rg
1109053969,183.6163870328684,0.3758955476045461,0.18913157054891622,1.171377598059953,20.563466743200152
1422188626,181.08438849346442,0.3791150953335695,0.24332815056262574,1.097944344867032,20.838019846653644
2032016830,130.4890361910546,0.3511136732038822,0.251830937276083,1.099207786968796,21.07626223166345
